id,chapter,wordId,trigger,triggerFrame,startFrame,durationInFrames,label
"P1-01","origins",0,"To",0,0,90,"Royal Navy"
"P1-02","origins",9,"from",94,90,83,"A century ago"
"P1-03","origins",19,"going",177,173,94,"World Wars"
"P1-04","origins",28,"World",271,267,105,"1914–1918"
"P1-05","origins",35,"the",376,372,77,"Grand Fleet"
"P1-06","origins",40,"It",453,449,104,"United Kingdom"
"P1-07","origins",54,"empire",557,553,110,"Empire"
"P1-08","origins",63,"trade",667,663,79,"Trade routes"
"P1-09","origins",70,"connections",746,742,118,"London"
"P1-10","jutland",80,"Perhaps",864,860,71,"Jutland"
"P1-11","jutland",89,"Battle",935,931,123,"1916"
"P1-12","jutland",99,"British",1058,1054,84,"151"
"P1-13","jutland",104,"99",1142,1138,97,"99"
"P1-14","jutland",111,"entire",1239,1235,80,"Royal Navy"
"P1-15","jutland",117,"force",1319,1315,84,"North Sea"
"P1-16","jutland",127,"other",1403,1399,117,"Global operations"
"P1-17","jutland",139,"The",1520,1516,98,"The cost"
"P1-18","jutland",148,"14",1618,1614,51,"14"
"P1-19","jutland",153,"6",1669,1665,86,"6,000+"
"P1-20","jutland",158,"Germany",1755,1751,122,"Naval superiority"
"P1-21","jutland",169,"losses",1877,1873,95,"Losses"
"P1-22","jutland",178,"enough",1972,1968,75,"Strength"
"P1-23","jutland",185,"blockade",2047,2043,79,"Germany"
"P1-24","jutland",194,"continue",2126,2122,58,"1918"
"P1-25","world-war",197,"By",2182,2180,100,"World War II"
"P1-26","world-war",206,"When",2284,2280,108,"1939"
"P1-27","world-war",218,"largest",2392,2388,64,"Royal Navy"
"P1-28","world-war",225,"15",2456,2452,57,"15"
"P1-29","world-war",230,"seven",2513,2509,126,"7"
"P1-30","world-war",241,"destroyers,",2639,2635,87,"Destroyers"
"P1-31","world-war",246,"But",2726,2722,116,"Global commitments"
"P1-32","world-war",259,"everywhere",2842,2838,62,"Multiple oceans"
"P1-33","world-war",264,"Atlantic,",2904,2900,68,"Atlantic"
"P1-34","world-war",272,"food,",2972,2968,119,"Convoys"
"P1-35","world-war",281,"In",3091,3087,90,"Mediterranean"
"P1-36","world-war",290,"Europe,",3181,3177,77,"Europe"
"P1-37","world-war",298,"Japan",3258,3254,121,"Japan"
"P1-38","world-war",313,"Far",3379,3375,102,"Far East"
"P1-39","world-war",324,"began",3481,3477,51,"Strain"
"P1-40","world-war",331,"commitments",3532,3528,80,"Multiple oceans"
"P1-41","transformation",337,"And",3613,3608,102,"Force Z"
"P1-42","transformation",348,"December,",3714,3710,117,"December 1941"
"P1-43","transformation",355,"HMS",3831,3827,73,"HMS Prince of Wales"
"P1-44","transformation",363,"HMS",3904,3900,51,"HMS Repulse"
"P1-45","transformation",365,"Interestingly,",3955,3951,82,"Prince of Wales"
"P1-46","transformation",373,"today's",4037,4033,82,"Today"
"P1-47","transformation",380,"But",4119,4115,106,"Air power"
"P1-48","transformation",388,"Naval",4225,4221,113,"Naval warfare"
"P1-49","transformation",395,"armed",4338,4334,103,"Warships"
"P1-50","transformation",403,"air",4441,4437,30,"Air cover"
"P1-51","transformation",405,"Throughout",4471,4467,88,"Adaptation"
"P1-52","transformation",414,"escort",4559,4555,41,"Escorts"
"P1-53","transformation",418,"radar",4600,4596,42,"Radar"
"P1-54","transformation",421,"anti",4642,4638,127,"Anti-submarine"
"P1-55","transformation",433,"modernize.",4769,4765,77,"Modernization"
"P1-56","transformation",440,"United",4846,4842,65,"United States"
"P1-57","transformation",449,"greater",4911,4907,77,"Scale"
"P1-58","transformation",457,"global",4988,4984,94,"Leadership"
"P1-59","transformation",467,"Atlantic.",5082,5078,75,"Atlantic"
"P1-60","transformation",472,"Britain",5157,5153,105,"Long campaigns"
"P1-61","transformation",483,"trade",5262,5258,66,"Trade routes"
"P1-62","transformation",489,"several",5328,5324,66,"Several oceans"
