"scene","start_seconds","end_seconds","spoken_trigger","text","environment","camera_and_action"
"S01","0.000","3.767","United","United Kingdom","HistoryChapter","UK liquid reveal, geographic pullback, sailship parallax, island comparison"
"S02","3.767","6.200","history,","","HistoryChapter","UK liquid reveal, geographic pullback, sailship parallax, island comparison"
"S03","6.200","9.300","Royal","Royal Navy","HistoryChapter","UK liquid reveal, geographic pullback, sailship parallax, island comparison"
"S04","9.300","12.333","centuries,","","HistoryChapter","UK liquid reveal, geographic pullback, sailship parallax, island comparison"
"S05","12.333","15.933","stretched","","HistoryChapter","UK liquid reveal, geographic pullback, sailship parallax, island comparison"
"S06","15.933","19.267","vast","British Empire","HistoryChapter","UK liquid reveal, geographic pullback, sailship parallax, island comparison"
"S07","19.267","22.633","sun","","HistoryChapter","UK liquid reveal, geographic pullback, sailship parallax, island comparison"
"S08","22.633","25.167","Tolkien's","J. R. R. Tolkien","HistoryChapter","UK liquid reveal, geographic pullback, sailship parallax, island comparison"
"S09","25.167","28.167","island","Númenor","HistoryChapter","UK liquid reveal, geographic pullback, sailship parallax, island comparison"
"S10","28.167","31.100","Middle","Middle-earth","HistoryChapter","UK liquid reveal, geographic pullback, sailship parallax, island comparison"
"S11","31.100","34.067","civilizations","","HistoryChapter","UK liquid reveal, geographic pullback, sailship parallax, island comparison"
"S12","34.067","37.633","island,","","HistoryChapter","UK liquid reveal, geographic pullback, sailship parallax, island comparison"
"S13","37.633","40.233","naval","","HistoryChapter","UK liquid reveal, geographic pullback, sailship parallax, island comparison"
"S14","40.233","43.800","Tolkien","J. R. R. Tolkien","HistoryChapter","UK liquid reveal, geographic pullback, sailship parallax, island comparison"
"S15","43.800","46.667","Well,","","HistoryChapter","UK liquid reveal, geographic pullback, sailship parallax, island comparison"
"S16","46.667","50.200","comparison.","","HistoryChapter","UK liquid reveal, geographic pullback, sailship parallax, island comparison"
"S17","50.200","53.500","small","","HistoryChapter","UK liquid reveal, geographic pullback, sailship parallax, island comparison"
"S18","53.500","56.833","powerful","","HistoryChapter","UK liquid reveal, geographic pullback, sailship parallax, island comparison"
"S19","56.833","60.633","every","","HistoryChapter","UK liquid reveal, geographic pullback, sailship parallax, island comparison"
"S20","60.633","63.867","world","","HistoryChapter","UK liquid reveal, geographic pullback, sailship parallax, island comparison"
"S21","63.867","67.200","power","","FleetChapter","Carrier camera traversal, photo panorama, flight path, layered maritime defense"
"S22","67.200","70.967","Royal","Royal Navy","FleetChapter","Carrier camera traversal, photo panorama, flight path, layered maritime defense"
"S23","70.967","74.200","remains","","FleetChapter","Carrier camera traversal, photo panorama, flight path, layered maritime defense"
"S24","74.200","76.967","carrier","","FleetChapter","Carrier camera traversal, photo panorama, flight path, layered maritime defense"
"S25","76.967","80.167","away","","FleetChapter","Carrier camera traversal, photo panorama, flight path, layered maritime defense"
"S26","80.167","82.900","HMS","HMS Queen Elizabeth","FleetChapter","Carrier camera traversal, photo panorama, flight path, layered maritime defense"
"S27","82.900","86.767","Wales,","HMS Prince of Wales","FleetChapter","Carrier camera traversal, photo panorama, flight path, layered maritime defense"
"S28","86.767","90.767","And","","FleetChapter","Carrier camera traversal, photo panorama, flight path, layered maritime defense"
"S29","90.767","93.700","alone.","","FleetChapter","Carrier camera traversal, photo panorama, flight path, layered maritime defense"
"S30","93.700","96.000","Merlin","Merlin","FleetChapter","Carrier camera traversal, photo panorama, flight path, layered maritime defense"
"S31","96.000","98.833","support","","FleetChapter","Carrier camera traversal, photo panorama, flight path, layered maritime defense"
"S32","98.833","101.333","command","","FleetChapter","Carrier camera traversal, photo panorama, flight path, layered maritime defense"
"S33","101.333","104.600","-submarine","","FleetChapter","Carrier camera traversal, photo panorama, flight path, layered maritime defense"
"S34","104.600","107.433","very","","FleetChapter","Carrier camera traversal, photo panorama, flight path, layered maritime defense"
"S35","107.433","110.867","2025,","2025","FleetChapter","Carrier camera traversal, photo panorama, flight path, layered maritime defense"
"S36","110.867","114.567","Wales","Operation Highmast","OperationsChapter","Geographic route following, aircraft count, deck closeup, supply transfers"
"S37","114.567","118.400","eight","8 months","OperationsChapter","Geographic route following, aircraft count, deck closeup, supply transfers"
"S38","118.400","121.933","Indo","Indo-Pacific","OperationsChapter","Geographic route following, aircraft count, deck closeup, supply transfers"
"S39","121.933","124.833","Mediterranean,","Mediterranean","OperationsChapter","Geographic route following, aircraft count, deck closeup, supply transfers"
"S40","124.833","128.067","F","24 F-35Bs","OperationsChapter","Geographic route following, aircraft count, deck closeup, supply transfers"
"S41","128.067","131.800","largest","","OperationsChapter","Geographic route following, aircraft count, deck closeup, supply transfers"
"S42","131.800","135.500","Britain's","Queen Elizabeth class","OperationsChapter","Geographic route following, aircraft count, deck closeup, supply transfers"
"S43","135.500","139.433","revealed","","OperationsChapter","Geographic route following, aircraft count, deck closeup, supply transfers"
"S44","139.433","143.167","First,","1","OperationsChapter","Geographic route following, aircraft count, deck closeup, supply transfers"
"S45","143.167","146.300","leading","","OperationsChapter","Geographic route following, aircraft count, deck closeup, supply transfers"
"S46","146.300","149.800","world.","","OperationsChapter","Geographic route following, aircraft count, deck closeup, supply transfers"
"S47","149.800","152.967","It","","OperationsChapter","Geographic route following, aircraft count, deck closeup, supply transfers"
"S48","152.967","156.233","ammunition,","","OperationsChapter","Geographic route following, aircraft count, deck closeup, supply transfers"
"S49","156.233","159.000","operating","","OperationsChapter","Geographic route following, aircraft count, deck closeup, supply transfers"
"S50","159.000","161.900","miles","","OperationsChapter","Geographic route following, aircraft count, deck closeup, supply transfers"
"S51","161.900","165.733","important.","","OperationsChapter","Geographic route following, aircraft count, deck closeup, supply transfers"
"S52","165.733","169.067","allies.","","EnduranceChapter","Atlantic connections, independent sailing, dock-to-sea split, time pressure"
"S53","169.067","171.900","frigates","","EnduranceChapter","Atlantic connections, independent sailing, dock-to-sea split, time pressure"
"S54","171.900","175.100","support","","EnduranceChapter","Atlantic connections, independent sailing, dock-to-sea split, time pressure"
"S55","175.100","178.000","defenses,","","EnduranceChapter","Atlantic connections, independent sailing, dock-to-sea split, time pressure"
"S56","178.000","181.767","burden","","EnduranceChapter","Atlantic connections, independent sailing, dock-to-sea split, time pressure"
"S57","181.767","184.900","United","United Kingdom","EnduranceChapter","Atlantic connections, independent sailing, dock-to-sea split, time pressure"
"S58","184.900","188.500","own.","","EnduranceChapter","Atlantic connections, independent sailing, dock-to-sea split, time pressure"
"S59","188.500","191.600","we","","EnduranceChapter","Atlantic connections, independent sailing, dock-to-sea split, time pressure"
"S60","191.600","195.133","ships","How many ships?","EnduranceChapter","Atlantic connections, independent sailing, dock-to-sea split, time pressure"
"S61","195.133","198.700","long","","EnduranceChapter","Atlantic connections, independent sailing, dock-to-sea split, time pressure"
"S62","198.700","201.567","starts","","EnduranceChapter","Atlantic connections, independent sailing, dock-to-sea split, time pressure"
