scene,start_seconds,end_seconds,trigger,trigger_seconds,asset,text,transition
"S01","0.000","3.767","United",0.94,"uk","United Kingdom","course"
"S02","3.767","6.200","history,",3.9,"book","","page"
"S03","6.200","9.300","Royal",6.32,"anchor","Royal Navy","dive"
"S04","9.300","12.333","centuries,",9.42,"sail","","course"
"S05","12.333","15.933","stretched",12.48,"globe","","orbit"
"S06","15.933","19.267","vast",16.08,"crown","British Empire","horizon"
"S07","19.267","22.633","sun",19.4,"sun","","iris"
"S08","22.633","25.167","Tolkien's",22.76,"book","J. R. R. Tolkien","page"
"S09","25.167","28.167","island",25.3,"island","Númenor","dive"
"S10","28.167","31.100","Middle",28.3,"compass","Middle-earth","orbit"
"S11","31.100","34.067","civilizations",31.24,"crown","","iris"
"S12","34.067","37.633","island,",34.2,"island","","course"
"S13","37.633","40.233","naval",37.76,"sail","","horizon"
"S14","40.233","43.800","Tolkien",40.36,"quill","J. R. R. Tolkien","page"
"S15","43.800","46.667","Well,",43.94,"question","","iris"
"S16","46.667","50.200","comparison.",46.8,"balance","","course"
"S17","50.200","53.500","small",50.34,"uk","","dive"
"S18","53.500","56.833","powerful",53.64,"sail","","horizon"
"S19","56.833","60.633","every",56.98,"route","","orbit"
"S20","60.633","63.867","world",60.78,"hourglass","","iris"
"S21","63.867","67.200","power",64,"question","","dive"
"S22","67.200","70.967","Royal",67.34,"anchor","Royal Navy","horizon"
"S23","70.967","74.200","remains",71.1,"medal","","iris"
"S24","74.200","76.967","carrier",74.32,"carrier-top","","course"
"S25","76.967","80.167","away",77.1,"route","","orbit"
"S26","80.167","82.900","HMS",80.3,"carrier","HMS Queen Elizabeth","horizon"
"S27","82.900","86.767","Wales,",83.04,"carrier-top","HMS Prince of Wales","dive"
"S28","86.767","90.767","And",86.9,"flightdeck","","course"
"S29","90.767","93.700","alone.",90.9,"network","","iris"
"S30","93.700","96.000","Merlin",93.84,"helicopter","Merlin","horizon"
"S31","96.000","98.833","support",96.14,"support","","course"
"S32","98.833","101.333","command",98.96,"command","","iris"
"S33","101.333","104.600","-submarine",101.48,"submarine","","dive"
"S34","104.600","107.433","very",104.74,"shield","","horizon"
"S35","107.433","110.867","2025,",107.58,"calendar","2025","page"
"S36","110.867","114.567","Wales",111,"mission","Operation Highmast","course"
"S37","114.567","118.400","eight",114.7,"clock","8 months","orbit"
"S38","118.400","121.933","Indo",118.54,"pacific","Indo-Pacific","horizon"
"S39","121.933","124.833","Mediterranean,",122.08,"mediterranean","Mediterranean","course"
"S40","124.833","128.067","F",124.98,"jet","24 F-35Bs","dive"
"S41","128.067","131.800","largest",128.2,"flightdeck","","horizon"
"S42","131.800","135.500","Britain's",131.92,"carrier","Queen Elizabeth class","course"
"S43","135.500","139.433","revealed",135.64,"binoculars","","iris"
"S44","139.433","143.167","First,",139.56,"uk","1","dive"
"S45","143.167","146.300","leading",143.3,"command","","course"
"S46","146.300","149.800","world.",146.42,"globe","","orbit"
"S47","149.800","152.967","It",149.92,"box","","page"
"S48","152.967","156.233","ammunition,",153.1,"ammunition","","horizon"
"S49","156.233","159.000","operating",156.36,"clock","","iris"
"S50","159.000","161.900","miles",159.12,"route","","course"
"S51","161.900","165.733","important.",162.04,"balance","","orbit"
"S52","165.733","169.067","allies.",165.86,"alliance","","horizon"
"S53","169.067","171.900","frigates",169.2,"escort","","course"
"S54","171.900","175.100","support",172.04,"support","","dive"
"S55","175.100","178.000","defenses,",175.24,"shield","","iris"
"S56","178.000","181.767","burden",178.14,"network","","orbit"
"S57","181.767","184.900","United",181.9,"uk","United Kingdom","horizon"
"S58","184.900","188.500","own.",185.02,"independence","","dive"
"S59","188.500","191.600","we",188.64,"question","","iris"
"S60","191.600","195.133","ships",191.74,"dock","How many ships?","course"
"S61","195.133","198.700","long",195.26,"clock","","orbit"
"S62","198.700","201.567","starts",198.82,"pressure","","iris"